{
  "toxicity_positive": {
    "sentiment_textblob": {
      "avg": 0.23791666666666664,
      "min": 0.0,
      "max": 0.425,
      "std": 0.1948842248903464
    },
    "sentiment_vader": {
      "avg": 0.47026,
      "min": 0.0,
      "max": 0.8225,
      "std": 0.3845513312940159
    },
    "user_toxicity": {
      "avg": 0.011661305,
      "min": 0.0072254855,
      "max": 0.01646154,
      "std": 0.0031192192279713366
    },
    "bot_toxicity": {
      "avg": 0.028946912800000002,
      "min": 0.008419261,
      "max": 0.079250954,
      "std": 0.0257726406676416
    },
    "coherence": {
      "avg": 0.292322663962841,
      "min": 0.10301663726568222,
      "max": 0.5097192525863647,
      "std": 0.1501649914828892
    },
    "repetition": {
      "avg": 0.9766666666666666,
      "min": 0.9333333333333333,
      "max": 1.0,
      "std": 0.02905932629027116
    },
    "length": { "avg": 11.8, "min": 1.0, "max": 20.0, "std": 6.241794613730894 }
  },
  "toxicity_mild_negative": {
    "sentiment_textblob": {
      "avg": 0.08,
      "min": -0.5,
      "max": 1.0,
      "std": 0.5706137047074842
    },
    "sentiment_vader": {
      "avg": 0.22568000000000002,
      "min": -0.4404,
      "max": 0.7712,
      "std": 0.5176637804598657
    },
    "user_toxicity": {
      "avg": 0.0707300258,
      "min": 0.025085296,
      "max": 0.112333365,
      "std": 0.03168879096679309
    },
    "bot_toxicity": {
      "avg": 0.0342402682,
      "min": 0.010869644,
      "max": 0.0926474,
      "std": 0.029743803407270383
    },
    "coherence": {
      "avg": 0.23795396983623504,
      "min": 0.08109875023365021,
      "max": 0.5343127846717834,
      "std": 0.1699595757442461
    },
    "repetition": {
      "avg": 0.9484689107059374,
      "min": 0.8709677419354839,
      "max": 1.0,
      "std": 0.0503380682707304
    },
    "length": {
      "avg": 20.2,
      "min": 11.0,
      "max": 31.0,
      "std": 7.626270385975048
    }
  },
  "toxicity_toxic": {
    "sentiment_textblob": {
      "avg": -0.14578125,
      "min": -0.8,
      "max": 0.6171875,
      "std": 0.4317072134723515
    },
    "sentiment_vader": {
      "avg": 0.19162,
      "min": -0.4019,
      "max": 0.8067,
      "std": 0.3619655143794778
    },
    "user_toxicity": {
      "avg": 0.7643908570000001,
      "min": 0.1883923,
      "max": 0.9248995,
      "std": 0.22906411326247603
    },
    "bot_toxicity": {
      "avg": 0.124200575,
      "min": 0.010806813,
      "max": 0.3974717,
      "std": 0.1285382060503866
    },
    "coherence": {
      "avg": 0.23566492646932602,
      "min": 0.06113220751285553,
      "max": 0.3693739175796509,
      "std": 0.10591749084216848
    },
    "repetition": {
      "avg": 0.9506349206349206,
      "min": 0.7,
      "max": 1.0,
      "std": 0.08846682678080613
    },
    "length": { "avg": 16.9, "min": 9.0, "max": 30.0, "std": 6.670082458260917 }
  },
  "sentiment_positive": {
    "sentiment_textblob": {
      "avg": 0.4520833333333334,
      "min": 0.31875,
      "max": 0.5625,
      "std": 0.10082128027135719
    },
    "sentiment_vader": {
      "avg": 0.8355666666666667,
      "min": 0.7419,
      "max": 0.906,
      "std": 0.0689784668493646
    },
    "user_toxicity": {
      "avg": 0.024008840000000004,
      "min": 0.012754552,
      "max": 0.040925518,
      "std": 0.012177789255508407
    },
    "bot_toxicity": {
      "avg": 0.012712666,
      "min": 0.009864358,
      "max": 0.015393426,
      "std": 0.002260339574250441
    },
    "coherence": {
      "avg": 0.35056889553864795,
      "min": 0.19989758729934692,
      "max": 0.6415890455245972,
      "std": 0.20582546668153295
    },
    "repetition": {
      "avg": 0.960233918128655,
      "min": 0.9333333333333333,
      "max": 1.0,
      "std": 0.02869671145353286
    },
    "length": {
      "avg": 17.333333333333332,
      "min": 15.0,
      "max": 19.0,
      "std": 1.699673171197595
    }
  },
  "sentiment_neutral": {
    "sentiment_textblob": {
      "avg": 0.5625,
      "min": 0.5,
      "max": 0.625,
      "std": 0.0625
    },
    "sentiment_vader": {
      "avg": 0.64835,
      "min": 0.5574,
      "max": 0.7393,
      "std": 0.09094999999999998
    },
    "user_toxicity": {
      "avg": 0.016775692000000002,
      "min": 0.016712861,
      "max": 0.016838523,
      "std": 6.283100000000104e-5
    },
    "bot_toxicity": {
      "avg": 0.021549870999999998,
      "min": 0.021432023,
      "max": 0.021667719,
      "std": 0.00011784799999999852
    },
    "coherence": {
      "avg": 0.22727157175540924,
      "min": 0.19737732410430908,
      "max": 0.2571658194065094,
      "std": 0.02989424765110016
    },
    "repetition": {
      "avg": 0.9479166666666667,
      "min": 0.9375,
      "max": 0.9583333333333334,
      "std": 0.010416666666666685
    },
    "length": { "avg": 20.0, "min": 16.0, "max": 24.0, "std": 4.0 }
  },
  "sentiment_negative": {
    "sentiment_textblob": {
      "avg": 0.5104166666666666,
      "min": 0.25,
      "max": 0.875,
      "std": 0.26557393299962423
    },
    "sentiment_vader": {
      "avg": 0.4571,
      "min": -0.2448,
      "max": 0.8932,
      "std": 0.5011641314645998
    },
    "user_toxicity": {
      "avg": 0.24957068233333332,
      "min": 0.02249265,
      "max": 0.6744087,
      "std": 0.3006441893791627
    },
    "bot_toxicity": {
      "avg": 0.045635152000000005,
      "min": 0.013571346,
      "max": 0.10913446,
      "std": 0.044901523944726365
    },
    "coherence": {
      "avg": 0.24134086072444916,
      "min": 0.15026436746120453,
      "max": 0.3246068060398102,
      "std": 0.07138895790815442
    },
    "repetition": {
      "avg": 0.9855072463768115,
      "min": 0.9565217391304348,
      "max": 1.0,
      "std": 0.02049584873004484
    },
    "length": {
      "avg": 16.666666666666668,
      "min": 11.0,
      "max": 23.0,
      "std": 4.9216076867444665
    }
  },
  "coherence_high": {
    "sentiment_textblob": {
      "avg": 0.27118055555555554,
      "min": 0.14270833333333333,
      "max": 0.4375,
      "std": 0.12328784978383309
    },
    "sentiment_vader": {
      "avg": 0.8407666666666667,
      "min": 0.7496,
      "max": 0.9288,
      "std": 0.07319163583057528
    },
    "user_toxicity": {
      "avg": 0.020051241,
      "min": 0.014953613,
      "max": 0.02873857,
      "std": 0.006173638841883179
    },
    "bot_toxicity": {
      "avg": 0.022713571333333335,
      "min": 0.01608456,
      "max": 0.02920996,
      "std": 0.005359242662216701
    },
    "coherence": {
      "avg": 0.6349291602770487,
      "min": 0.37786591053009033,
      "max": 0.852336049079895,
      "std": 0.1957208016816557
    },
    "repetition": {
      "avg": 0.913963963963964,
      "min": 0.85,
      "max": 1.0,
      "std": 0.06319484300777535
    },
    "length": {
      "avg": 31.333333333333332,
      "min": 17.0,
      "max": 40.0,
      "std": 10.208928554075703
    }
  },
  "coherence_low_but_real": {
    "sentiment_textblob": {
      "avg": 0.052777777777777785,
      "min": -0.15,
      "max": 0.4166666666666667,
      "std": 0.2578699547838928
    },
    "sentiment_vader": {
      "avg": 0.5444333333333333,
      "min": 0.1779,
      "max": 0.8847,
      "std": 0.28914703679769727
    },
    "user_toxicity": {
      "avg": 0.09867737433333333,
      "min": 0.036162965,
      "max": 0.21374844,
      "std": 0.08146901998694141
    },
    "bot_toxicity": {
      "avg": 0.048971853,
      "min": 0.021667719,
      "max": 0.091913216,
      "std": 0.030735426468415705
    },
    "coherence": {
      "avg": 0.5889857908089956,
      "min": 0.4921816885471344,
      "max": 0.7348883152008057,