{
  "toxicity_positive": {
    "sentiment_textblob": {
      "avg": 0.28791666666666665,
      "min": 0.0,
      "max": 0.8125,
      "std": 0.29743813549113785
    },
    "sentiment_vader": {
      "avg": 0.57394,
      "min": 0.0,
      "max": 0.8436,
      "std": 0.300608167553711
    },
    "user_toxicity": {
      "avg": 0.011661305,
      "min": 0.0072254855,
      "max": 0.01646154,
      "std": 0.0031192192279713366
    },
    "bot_toxicity": {
      "avg": 0.01780179012,
      "min": 0.0076338826,
      "max": 0.029917045,
      "std": 0.007882288990565834
    },
    "coherence": {
      "avg": 0.35062151700258254,
      "min": 0.04903579503297806,
      "max": 0.6925796270370483,
      "std": 0.22300848941587745
    },
    "repetition": { "avg": 1.0, "min": 1.0, "max": 1.0, "std": 0.0 },
    "length": { "avg": 10.6, "min": 4.0, "max": 16.0, "std": 4.800000000000001 }
  },
  "toxicity_mild_negative": {
    "sentiment_textblob": {
      "avg": -0.08333333333333333,
      "min": -0.5,
      "max": 0.75,
      "std": 0.4314059701848262
    },
    "sentiment_vader": {
      "avg": 0.27944,
      "min": -0.4019,
      "max": 0.7345,
      "std": 0.4945094846410936
    },
    "user_toxicity": {
      "avg": 0.0707300258,
      "min": 0.025085296,
      "max": 0.112333365,
      "std": 0.03168879096679309
    },
    "bot_toxicity": {
      "avg": 0.017637926199999997,
      "min": 0.007979449,
      "max": 0.039935954,
      "std": 0.01153528114160565
    },
    "coherence": {
      "avg": 0.20158234983682632,
      "min": 0.08550681918859482,
      "max": 0.4652642011642456,
      "std": 0.13916243155978386
    },
    "repetition": {
      "avg": 0.9260130718954247,
      "min": 0.8,
      "max": 1.0,
      "std": 0.07541294182439053
    },
    "length": {
      "avg": 14.8,
      "min": 9.0,
      "max": 18.0,
      "std": 3.1240998703626617
    }
  },
  "toxicity_toxic": {
    "sentiment_textblob": {
      "avg": -0.12791666666666668,
      "min": -1.0,
      "max": 0.2833333333333333,
      "std": 0.39416776779268325
    },
    "sentiment_vader": {
      "avg": 0.17031000000000002,
      "min": -0.6549,
      "max": 0.7959,
      "std": 0.4592764798027437
    },
    "user_toxicity": {
      "avg": 0.7643908570000001,
      "min": 0.1883923,
      "max": 0.9248995,
      "std": 0.22906411326247603
    },
    "bot_toxicity": {
      "avg": 0.097375024,
      "min": 0.013822667,
      "max": 0.52139956,
      "std": 0.14939358969674632
    },
    "coherence": {
      "avg": 0.21534891948103904,
      "min": 0.026769571006298065,
      "max": 0.5242171287536621,
      "std": 0.1550476932679758
    },
    "repetition": {
      "avg": 0.990909090909091,
      "min": 0.9090909090909091,
      "max": 1.0,
      "std": 0.02727272727272728
    },
    "length": { "avg": 12.2, "min": 5.0, "max": 18.0, "std": 4.48998886412873 }
  },
  "sentiment_positive": {
    "sentiment_textblob": {
      "avg": 0.75,
      "min": 0.5,
      "max": 1.0,
      "std": 0.2041241452319315
    },
    "sentiment_vader": {
      "avg": 0.9021666666666667,
      "min": 0.8832,
      "max": 0.9327,
      "std": 0.021800662579125638
    },
    "user_toxicity": {
      "avg": 0.024008840000000004,
      "min": 0.012754552,
      "max": 0.040925518,
      "std": 0.012177789255508407
    },
    "bot_toxicity": {
      "avg": 0.017131730666666668,
      "min": 0.015581916,
      "max": 0.019728716,
      "std": 0.0018477756652879218
    },
    "coherence": {
      "avg": 0.32282014687856037,
      "min": 0.0997389405965805,
      "max": 0.6548247933387756,
      "std": 0.23934398236823462
    },
    "repetition": {
      "avg": 0.9584859584859585,
      "min": 0.9230769230769231,
      "max": 1.0,
      "std": 0.031699035374229946
    },
    "length": {
      "avg": 15.0,
      "min": 11.0,
      "max": 21.0,
      "std": 4.320493798938574
    }
  },
  "sentiment_neutral": {
    "sentiment_textblob": { "avg": 0.0, "min": 0.0, "max": 0.0, "std": 0.0 },
    "sentiment_vader": {
      "avg": 0.1366,
      "min": 0.0,
      "max": 0.2732,
      "std": 0.1366
    },
    "user_toxicity": {
      "avg": 0.016775692000000002,
      "min": 0.016712861,
      "max": 0.016838523,
      "std": 6.283100000000104e-5
    },
    "bot_toxicity": {
      "avg": 0.026028077,
      "min": 0.023906821,
      "max": 0.028149333,
      "std": 0.0021212559999999984
    },
    "coherence": {
      "avg": 0.09356304630637169,
      "min": 0.07377191632986069,
      "max": 0.11335417628288269,
      "std": 0.019791129976511
    },
    "repetition": { "avg": 1.0, "min": 1.0, "max": 1.0, "std": 0.0 },
    "length": { "avg": 5.0, "min": 5.0, "max": 5.0, "std": 0.0 }
  },
  "sentiment_negative": {
    "sentiment_textblob": {
      "avg": 0.00833333333333334,
      "min": -0.5,
      "max": 0.275,
      "std": 0.35959081683985694
    },
    "sentiment_vader": {
      "avg": 0.4501666666666666,
      "min": -0.0772,
      "max": 0.75,
      "std": 0.37407086969657977
    },
    "user_toxicity": {
      "avg": 0.24957068233333332,
      "min": 0.02249265,
      "max": 0.6744087,
      "std": 0.3006441893791627
    },
    "bot_toxicity": {
      "avg": 0.014011158666666667,
      "min": 0.012503231,
      "max": 0.016838523,
      "std": 0.0020007288704077045
    },
    "coherence": {
      "avg": 0.2318695659438769,
      "min": 0.07588393241167068,
      "max": 0.39398449659347534,
      "std": 0.12993631374782688
    },
    "repetition": {
      "avg": 0.9411764705882352,
      "min": 0.8235294117647058,
      "max": 1.0,
      "std": 0.08318903308077032
    },
    "length": {
      "avg": 10.666666666666666,
      "min": 5.0,
      "max": 17.0,
      "std": 4.921607686744467
    }
  },
  "coherence_high": {
    "sentiment_textblob": {
      "avg": 0.12989417989417987,
      "min": -0.05000000000000001,
      "max": 0.3444444444444444,
      "std": 0.16288521130137193
    },
    "sentiment_vader": {
      "avg": 0.2822666666666667,
      "min": -0.5075,
      "max": 0.7165,
      "std": 0.5593728412745435
    },
    "user_toxicity": {
      "avg": 0.020051241,
      "min": 0.014953613,
      "max": 0.02873857,
      "std": 0.006173638841883179
    },
    "bot_toxicity": {
      "avg": 0.023084630499999998,
      "min": 0.008356431,
      "max": 0.03781283,
      "std": 0.014728199499999999
    },
    "coherence": {
      "avg": 0.620744546254476,
      "min": 0.48319220542907715,
      "max": 0.8191572427749634,
      "std": 0.14375004637959882
    },
    "repetition": {
      "avg": 0.8975718698028036,
      "min": 0.819672131147541,
      "max": 0.96,
      "std": 0.0583238412965516
    },
    "length": {
      "avg": 36.333333333333336,
      "min": 23.0,
      "max": 61.0,
      "std": 17.46106780494506
    }
  },
  "coherence_low_but_real": {
    "sentiment_textblob": { "avg": 0.0, "min": 0.0, "max": 0.0, "std": 0.0 },
    "sentiment_vader": {
      "avg": 0.18230000000000002,
      "min": -0.4664,
      "max": 0.6114,
      "std": 0.4666057079233672
    },
    "user_toxicity": {
      "avg": 0.129934579,
      "min": 0.046120718,
      "max": 0.21374844,
      "std": 0.083813861
    },
    "bot_toxicity": {
      "avg": 0.028208254500000002,
      "min": 0.024731753,
      "max": 0.031684756,
      "std": 0.0034765015000000014
    },
    "coherence": {
      "avg": 0.3371770183245341,
      "min": 0.20920655131340027,
      "max": 0.4641989767551422,
      "std": 0.10410238232804306
    },
    "repetition": {
      "avg": 0.9743589743589745,
      "min": 0.9230769230769231,
      "max": 1.0,
      "std": 0.03626188621469472
    },
    "length": {
      "avg": 9.333333333333334,
      "min": 3.0,