{
  "toxicity_positive": {
    "sentiment_textblob": {
      "avg": 0.09,
      "min": 0.0,
      "max": 0.35,
      "std": 0.13564659966250536
    },
    "sentiment_vader": {
      "avg": 0.51044,
      "min": 0.1531,
      "max": 0.6996,
      "std": 0.19928442588421205
    },
    "user_toxicity": {
      "avg": 0.011755550639999997,
      "min": 0.0073197307,
      "max": 0.016587202,
      "std": 0.003115420661815148
    },
    "bot_toxicity": {
      "avg": 0.0122393438,
      "min": 0.008796243,
      "max": 0.014890783,
      "std": 0.0023797347406402584
    },
    "coherence": {
      "avg": 0.7863216638565064,
      "min": 0.7091690301895142,
      "max": 0.8604546785354614,
      "std": 0.054642761504523144
    },
    "repetition": { "avg": 1.0, "min": 1.0, "max": 1.0, "std": 0.0 },
    "length": { "avg": 9.6, "min": 7, "max": 13, "std": 2.4979991993593593 }
  },
  "toxicity_mild_negative": {
    "sentiment_textblob": {
      "avg": -0.14499999999999996,
      "min": -0.5,
      "max": 0.0,
      "std": 0.1977371993328519
    },
    "sentiment_vader": {
      "avg": 0.05256000000000001,
      "min": -0.0772,
      "max": 0.34,
      "std": 0.14679718798396652
    },
    "user_toxicity": {
      "avg": 0.0710811326,
      "min": 0.025085296,
      "max": 0.112643376,
      "std": 0.03186648601396834
    },
    "bot_toxicity": {
      "avg": 0.1212628794,
      "min": 0.034748793,
      "max": 0.20032968,
      "std": 0.053646892945242344
    },
    "coherence": {
      "avg": 0.7614302635192871,
      "min": 0.6550702452659607,
      "max": 0.8228215575218201,
      "std": 0.056992397008356545
    },
    "repetition": {
      "avg": 0.9818181818181818,
      "min": 0.9090909090909091,
      "max": 1.0,
      "std": 0.036363636363636376
    },
    "length": { "avg": 9.2, "min": 8, "max": 11, "std": 1.1661903789690602 }
  },
  "toxicity_toxic": {
    "sentiment_textblob": {
      "avg": -0.0668452380952381,
      "min": -0.8,
      "max": 0.6,
      "std": 0.39403827226002924
    },
    "sentiment_vader": {
      "avg": -0.41453999999999996,
      "min": -0.7906,
      "max": 0.0772,
      "std": 0.3224314475977801
    },
    "user_toxicity": {
      "avg": 0.7640400639999999,
      "min": 0.19029272,
      "max": 0.9288007,
      "std": 0.22810163233076322
    },
    "bot_toxicity": {
      "avg": 0.770835229,
      "min": 0.28547668,
      "max": 0.9288007,
      "std": 0.19360490172294453
    },
    "coherence": {
      "avg": 0.7485391974449158,
      "min": 0.5902711749076843,
      "max": 0.832623302936554,
      "std": 0.07269187833927311
    },
    "repetition": { "avg": 1.0, "min": 1.0, "max": 1.0, "std": 0.0 },
    "length": { "avg": 9.4, "min": 8, "max": 11, "std": 1.0198039027185568 }
  },
  "sentiment_positive": {
    "sentiment_textblob": {
      "avg": 0.2833333333333333,
      "min": 0.1,
      "max": 0.4,
      "std": 0.13123346456686352
    },
    "sentiment_vader": {
      "avg": 0.5642999999999999,
      "min": 0.4404,
      "max": 0.6666,
      "std": 0.09360032051227173
    },
    "user_toxicity": {
      "avg": 0.024173767166666665,
      "min": 0.0126288915,
      "max": 0.0414203,
      "std": 0.012426261751846883
    },
    "bot_toxicity": {
      "avg": 0.019422721,
      "min": 0.012943043,
      "max": 0.02685301,
      "std": 0.005718364652023223
    },
    "coherence": {
      "avg": 0.7561327616373698,
      "min": 0.6640495657920837,
      "max": 0.8025939464569092,
      "std": 0.0651135534840227
    },
    "repetition": { "avg": 1.0, "min": 1.0, "max": 1.0, "std": 0.0 },
    "length": { "avg": 8.0, "min": 7, "max": 9, "std": 0.816496580927726 }
  },
  "sentiment_neutral": {
    "sentiment_textblob": {
      "avg": -0.125,
      "min": -0.25,
      "max": 0.0,
      "std": 0.125
    },
    "sentiment_vader": {
      "avg": -0.12055,
      "min": -0.2411,
      "max": 0.0,
      "std": 0.12055
    },
    "user_toxicity": {
      "avg": 0.0169013525,
      "min": 0.016838523,
      "max": 0.016964182,
      "std": 6.28295000000001e-5
    },
    "bot_toxicity": {
      "avg": 0.021766984,
      "min": 0.018095128,
      "max": 0.02543884,
      "std": 0.003671856000000001
    },
    "coherence": {
      "avg": 0.7084935903549194,
      "min": 0.7084188461303711,
      "max": 0.7085683345794678,
      "std": 7.474422454833984e-5
    },
    "repetition": { "avg": 1.0, "min": 1.0, "max": 1.0, "std": 0.0 },
    "length": { "avg": 8.0, "min": 7, "max": 9, "std": 1.0 }
  },
  "sentiment_negative": {
    "sentiment_textblob": {
      "avg": -0.19999999999999998,
      "min": -0.75,
      "max": 0.15,
      "std": 0.39370039370059057
    },
    "sentiment_vader": {
      "avg": -0.009766666666666665,
      "min": -0.4228,
      "max": 0.3612,
      "std": 0.32144590351859964
    },
    "user_toxicity": {
      "avg": 0.24956678466666662,
      "min": 0.022728346,
      "max": 0.6744087,
      "std": 0.30063915638348104
    },
    "bot_toxicity": {
      "avg": 0.29531804733333333,
      "min": 0.032391842,
      "max": 0.743089,
      "std": 0.31822245684412037
    },
    "coherence": {
      "avg": 0.7044328649838766,
      "min": 0.6499340534210205,
      "max": 0.7466309666633606,
      "std": 0.04042320996140151
    },
    "repetition": { "avg": 1.0, "min": 1.0, "max": 1.0, "std": 0.0 },
    "length": {
      "avg": 8.333333333333334,
      "min": 5,
      "max": 10,
      "std": 2.357022603955158
    }
  },
  "similarity_high": {
    "sentiment_textblob": {
      "avg": 0.17777777777777778,
      "min": 0.0,
      "max": 0.3333333333333333,
      "std": 0.13698697784375502
    },
    "sentiment_vader": {
      "avg": -0.013233333333333338,
      "min": -0.4215,
      "max": 0.3818,
      "std": 0.3280793230641368
    },
    "user_toxicity": {
      "avg": 0.0201009405,
      "min": 0.0154562555,
      "max": 0.028385026,
      "std": 0.005872092395956077
    },
    "bot_toxicity": {
      "avg": 0.031252651,
      "min": 0.025792383,
      "max": 0.03828422,
      "std": 0.00521940213901254
    },
    "coherence": {
      "avg": 0.9532449245452881,
      "min": 0.9420830011367798,
      "max": 0.9718658924102783,
      "std": 0.013253506738597882
    },
    "repetition": { "avg": 1.0, "min": 1.0, "max": 1.0, "std": 0.0 },
    "length": {
      "avg": 11.333333333333334,
      "min": 10,
      "max": 12,
      "std": 0.9428090415820634
    }
  },
  "similarity_low_but_real": {
    "sentiment_textblob": {
      "avg": -0.3333333333333333,
      "min": -0.5,
      "max": 0.0,
      "std": 0.23570226039551584
    },
    "sentiment_vader": {
      "avg": 0.23220000000000005,
      "min": -0.0258,
      "max": 0.3612,
      "std": 0.18243354954612925
    },
    "user_toxicity": {
      "avg": 0.09875983733333334,
      "min": 0.036162965,
      "max": 0.21374844,
      "std": 0.08141588824561803
    },
    "bot_toxicity": {
      "avg": 0.14062256666666664,
      "min": 0.06065326,
      "max": 0.25084448,
      "std": 0.08053814913388616
    },
    "coherence": {
      "avg": 0.8480770786603292,
      "min": 0.7516854405403137,
      "max": 0.9073421955108643,
      "std": 0.06875580110395722
    },
    "repetition": { "avg": 1.0, "min": 1.0, "max": 1.0, "std": 0.0 },
    "length": { "avg": 11.0, "min": 9, "max": 13, "std": 1.632993161855452 }
  },
  "similarity_nonsense_natural": {
    "sentiment_textblob": { "avg": 0.05, "min": 0.0, "max": 0.1, "std": 0.05 },
    "sentiment_vader": {
      "avg": -0.46775,
      "min": -0.4767,
      "max": -0.4588,
      "std": 0.008950000000000014
    },
    "user_toxicity": {
      "avg": 0.174611075,
      "min": 0.11398677,
      "max": 0.23523538,