{
  "toxicity_positive": {
    "sentiment_textblob": {
      "avg": 0.41425,
      "min": 0.0,
      "max": 0.6125,
      "std": 0.21305750397486592
    },
    "sentiment_vader": {
      "avg": 0.83978,
      "min": 0.6696,
      "max": 0.9634,
      "std": 0.12753801629318218
    },
    "user_toxicity": {
      "avg": 0.011661305,
      "min": 0.0072254855,
      "max": 0.01646154,
      "std": 0.0031192192279713366
    },
    "bot_toxicity": {
      "avg": 0.017033730099999998,
      "min": 0.009738698,
      "max": 0.030506283,
      "std": 0.0074834562787586744
    },
    "coherence": {
      "avg": 0.2198928888887167,
      "min": -0.009747343137860298,
      "max": 0.5180554986000061,
      "std": 0.19952016727763314
    },
    "repetition": {
      "avg": 0.9523397775783777,
      "min": 0.8974358974358975,
      "max": 1.0,
      "std": 0.042668217192277834
    },
    "length": { "avg": 25.0, "min": 9.0, "max": 41.0, "std": 13.0843417870369 }
  },
  "toxicity_mild_negative": {
    "sentiment_textblob": {
      "avg": 0.20249999999999999,
      "min": -0.625,
      "max": 1.0,
      "std": 0.6232174580353153
    },
    "sentiment_vader": {
      "avg": 0.1406,
      "min": -0.4688,
      "max": 0.9098,
      "std": 0.5631353549547391
    },
    "user_toxicity": {
      "avg": 0.0707300258,
      "min": 0.025085296,
      "max": 0.112333365,
      "std": 0.03168879096679309
    },
    "bot_toxicity": {
      "avg": 0.016002661600000002,
      "min": 0.013508516,
      "max": 0.02107848,
      "std": 0.002647982833119399
    },
    "coherence": {
      "avg": 0.16384847462177277,
      "min": 0.08403456211090088,
      "max": 0.21654832363128662,
      "std": 0.0461032502627858
    },
    "repetition": {
      "avg": 0.9234665447738453,
      "min": 0.8947368421052632,
      "max": 0.9473684210526315,
      "std": 0.01781853967788187
    },
    "length": {
      "avg": 21.2,
      "min": 13.0,
      "max": 31.0,
      "std": 6.013318551349164
    }
  },
  "toxicity_toxic": {
    "sentiment_textblob": {
      "avg": -0.1716666666666667,
      "min": -0.625,
      "max": 0.4166666666666667,
      "std": 0.34660957061864933
    },
    "sentiment_vader": {
      "avg": -0.00040999999999999923,
      "min": -0.7398,
      "max": 0.713,
      "std": 0.49331498548087915
    },
    "user_toxicity": {
      "avg": 0.7643908570000001,
      "min": 0.1883923,
      "max": 0.9248995,
      "std": 0.22906411326247603
    },
    "bot_toxicity": {
      "avg": 0.044450963200000006,
      "min": 0.011435116,
      "max": 0.22445217,
      "std": 0.06240338796342692
    },
    "coherence": {
      "avg": 0.19781119972467423,
      "min": 0.06725095212459564,
      "max": 0.36454176902770996,
      "std": 0.09643373892607936
    },
    "repetition": {
      "avg": 0.9923076923076923,
      "min": 0.9230769230769231,
      "max": 1.0,
      "std": 0.02307692307692306
    },
    "length": {
      "avg": 13.9,
      "min": 10.0,
      "max": 21.0,
      "std": 3.1128764832546763
    }
  },
  "sentiment_positive": {
    "sentiment_textblob": {
      "avg": 0.12291666666666667,
      "min": -0.5,
      "max": 0.44375,
      "std": 0.44053510706362053
    },
    "sentiment_vader": {
      "avg": 0.7656000000000001,
      "min": 0.4939,
      "max": 0.906,
      "std": 0.19215682831132144
    },
    "user_toxicity": {
      "avg": 0.024008840000000004,
      "min": 0.012754552,
      "max": 0.040925518,
      "std": 0.012177789255508407
    },
    "bot_toxicity": {
      "avg": 0.0257418415,
      "min": 0.0109324735,
      "max": 0.05378982,
      "std": 0.019843280025125188
    },
    "coherence": {
      "avg": 0.21723864475886026,
      "min": 0.19650861620903015,
      "max": 0.25531506538391113,
      "std": 0.026959507966082836
    },
    "repetition": {
      "avg": 0.9645191409897292,
      "min": 0.9411764705882353,
      "max": 1.0,
      "std": 0.025502334796914418
    },
    "length": {
      "avg": 18.333333333333332,
      "min": 17.0,
      "max": 21.0,
      "std": 1.8856180831641267
    }
  },
  "sentiment_neutral": {
    "sentiment_textblob": {
      "avg": 0.0,
      "min": -0.25,
      "max": 0.25,
      "std": 0.25
    },
    "sentiment_vader": {
      "avg": 0.6222,
      "min": 0.5267,
      "max": 0.7177,
      "std": 0.09550000000000003
    },
    "user_toxicity": {
      "avg": 0.016775692000000002,
      "min": 0.016712861,
      "max": 0.016838523,
      "std": 6.283100000000104e-5
    },
    "bot_toxicity": {
      "avg": 0.014890783500000001,
      "min": 0.012314741,
      "max": 0.017466826,
      "std": 0.0025760425000000003
    },
    "coherence": {
      "avg": 0.1539284735918045,
      "min": 0.11668944358825684,
      "max": 0.19116750359535217,
      "std": 0.03723903000354767
    },
    "repetition": { "avg": 1.0, "min": 1.0, "max": 1.0, "std": 0.0 },
    "length": { "avg": 16.5, "min": 13.0, "max": 20.0, "std": 3.5 }
  },
  "sentiment_negative": {
    "sentiment_textblob": {
      "avg": -0.11018518518518518,
      "min": -0.3888888888888889,
      "max": 0.05833333333333335,
      "std": 0.19850694410702754
    },
    "sentiment_vader": {
      "avg": 0.5719666666666666,
      "min": 0.5358,
      "max": 0.6239,
      "std": 0.03765495393113042
    },
    "user_toxicity": {
      "avg": 0.24957068233333332,
      "min": 0.02249265,
      "max": 0.6744087,
      "std": 0.3006441893791627
    },
    "bot_toxicity": {
      "avg": 0.024611719333333337,
      "min": 0.02048268,
      "max": 0.030270588,
      "std": 0.004139731802581848
    },
    "coherence": {
      "avg": 0.16329118609428406,
      "min": -0.06382404267787933,
      "max": 0.3477604389190674,
      "std": 0.1707131235362125
    },
    "repetition": {
      "avg": 0.9497607655502392,
      "min": 0.8947368421052632,
      "max": 1.0,
      "std": 0.04310648086679292
    },
    "length": {
      "avg": 18.333333333333332,
      "min": 14.0,
      "max": 22.0,
      "std": 3.2998316455372216
    }
  },
  "coherence_high": {
    "sentiment_textblob": {
      "avg": 0.0363425925925926,
      "min": -0.14097222222222222,
      "max": 0.1875,
      "std": 0.1353677895330817
    },
    "sentiment_vader": {
      "avg": 0.31803333333333333,
      "min": -0.4926,
      "max": 0.9647,
      "std": 0.6061323416181944
    },
    "user_toxicity": {
      "avg": 0.020051241,
      "min": 0.014953613,
      "max": 0.02873857,
      "std": 0.006173638841883179
    },
    "bot_toxicity": {
      "avg": 0.10318590266666668,
      "min": 0.011246625,
      "max": 0.2854937,
      "std": 0.1289126746976998
    },
    "coherence": {
      "avg": 0.47616467873255414,
      "min": 0.3113156259059906,
      "max": 0.6389683485031128,
      "std": 0.13377148263664923
    },
    "repetition": {
      "avg": 0.9122331144316488,
      "min": 0.8607594936708861,
      "max": 0.9473684210526315,
      "std": 0.03719750849408878
    },
    "length": {
      "avg": 43.666666666666664,
      "min": 14.0,
      "max": 79.0,
      "std": 26.83695627716046
    }
  },
  "coherence_low_but_real": {
    "sentiment_textblob": {
      "avg": 0.1013888888888889,
      "min": -0.20833333333333334,
      "max": 0.28750000000000003,
      "std": 0.22048802492607725
    },
    "sentiment_vader": {
      "avg": 0.6241333333333333,
      "min": 0.1872,
      "max": 0.8539,
      "std": 0.3090962561331915
    },
    "user_toxicity": {
      "avg": 0.09867737433333333,
      "min": 0.036162965,
      "max": 0.21374844,
      "std": 0.08146901998694141
    },
    "bot_toxicity": {
      "avg": 0.022902370333333335,
      "min": 0.018849092,
      "max": 0.030506283,