{
  "toxicity_positive": {
    "sentiment_textblob": {
      "avg": 0.5275000000000001,
      "min": 0.4583333333333333,
      "max": 0.75,
      "std": 0.11222497246354951
    },
    "sentiment_vader": {
      "avg": 0.80414,
      "min": 0.6696,
      "max": 0.9611,
      "std": 0.10428713439346197
    },
    "user_toxicity": {
      "avg": 0.011661305,
      "min": 0.0072254855,
      "max": 0.01646154,
      "std": 0.0031192192279713366
    },
    "bot_toxicity": {
      "avg": 0.0132697614,
      "min": 0.008607753,
      "max": 0.017969469,
      "std": 0.0030067830863938685
    },
    "coherence": {
      "avg": 0.3372108772397041,
      "min": 0.12470685690641403,
      "max": 0.633013904094696,
      "std": 0.1739295584984557
    },
    "repetition": {
      "avg": 0.9746376811594203,
      "min": 0.9166666666666666,
      "max": 1.0,
      "std": 0.033521836249914144
    },
    "length": { "avg": 13.0, "min": 8.0, "max": 23.0, "std": 5.513619500836088 }
  },
  "toxicity_mild_negative": {
    "sentiment_textblob": {
      "avg": 0.10625,
      "min": -0.3125,
      "max": 0.5,
      "std": 0.28885550020728357
    },
    "sentiment_vader": {
      "avg": 0.23247999999999996,
      "min": -0.765,
      "max": 0.8671,
      "std": 0.724613390436583
    },
    "user_toxicity": {
      "avg": 0.0707300258,
      "min": 0.025085296,
      "max": 0.112333365,
      "std": 0.03168879096679309
    },
    "bot_toxicity": {
      "avg": 0.022466912,
      "min": 0.015770407,
      "max": 0.03062413,
      "std": 0.005365584025654952
    },
    "coherence": {
      "avg": 0.2434565618634224,
      "min": 0.06428413093090057,
      "max": 0.4669393002986908,
      "std": 0.16233132970399153
    },
    "repetition": {
      "avg": 0.945025641025641,
      "min": 0.8717948717948718,
      "max": 1.0,
      "std": 0.04933578542869138
    },
    "length": {
      "avg": 23.6,
      "min": 15.0,
      "max": 39.0,
      "std": 8.380930735902785
    }
  },
  "toxicity_toxic": {
    "sentiment_textblob": {
      "avg": -0.012574404761904768,
      "min": -0.5,
      "max": 0.5625,
      "std": 0.2904001386249546
    },
    "sentiment_vader": {
      "avg": 0.0013000000000000234,
      "min": -0.4574,
      "max": 0.8716,
      "std": 0.4596274904746234
    },
    "user_toxicity": {
      "avg": 0.7643908570000001,
      "min": 0.1883923,
      "max": 0.9248995,
      "std": 0.22906411326247603
    },
    "bot_toxicity": {
      "avg": 0.069488131,
      "min": 0.01419965,
      "max": 0.39987978,
      "std": 0.1134851125536494
    },
    "coherence": {
      "avg": 0.22475522458553315,
      "min": 0.13967624306678772,
      "max": 0.36724913120269775,
      "std": 0.0756509969444998
    },
    "repetition": {
      "avg": 0.9894444444444443,
      "min": 0.9444444444444444,
      "max": 1.0,
      "std": 0.02114762923408255
    },
    "length": { "avg": 13.6, "min": 7.0, "max": 20.0, "std": 4.294182110716778 }
  },
  "sentiment_positive": {
    "sentiment_textblob": {
      "avg": 0.38888888888888884,
      "min": 0.0,
      "max": 0.6666666666666666,
      "std": 0.2832788618662658
    },
    "sentiment_vader": {
      "avg": 0.5491666666666667,
      "min": 0.0,
      "max": 0.8516,
      "std": 0.3889846983565749
    },
    "user_toxicity": {
      "avg": 0.024008840000000004,
      "min": 0.012754552,
      "max": 0.040925518,
      "std": 0.012177789255508407
    },
    "bot_toxicity": {
      "avg": 0.018322919666666666,
      "min": 0.014827953,
      "max": 0.02449606,
      "std": 0.0043777874078490325
    },
    "coherence": {
      "avg": 0.28982293605804443,
      "min": 0.18444517254829407,
      "max": 0.34762510657310486,
      "std": 0.07463020167770638
    },
    "repetition": { "avg": 1.0, "min": 1.0, "max": 1.0, "std": 0.0 },
    "length": {
      "avg": 12.333333333333334,
      "min": 8.0,
      "max": 16.0,
      "std": 3.2998316455372216
    }
  },
  "sentiment_neutral": {
    "sentiment_textblob": {
      "avg": 0.1597222222222222,
      "min": 0.125,
      "max": 0.19444444444444445,
      "std": 0.034722222222222224
    },
    "sentiment_vader": {
      "avg": 0.30619999999999997,
      "min": 0.0869,
      "max": 0.5255,
      "std": 0.21929999999999997
    },
    "user_toxicity": {
      "avg": 0.016775692000000002,
      "min": 0.016712861,
      "max": 0.016838523,
      "std": 6.283100000000104e-5
    },
    "bot_toxicity": {
      "avg": 0.0162102195,
      "min": 0.012063419,
      "max": 0.02035702,
      "std": 0.0041468005
    },
    "coherence": {
      "avg": 0.19146593660116196,
      "min": 0.16897143423557281,
      "max": 0.2139604389667511,
      "std": 0.022494502365589142
    },
    "repetition": { "avg": 1.0, "min": 1.0, "max": 1.0, "std": 0.0 },
    "length": { "avg": 15.0, "min": 14.0, "max": 16.0, "std": 1.0 }
  },
  "sentiment_negative": {
    "sentiment_textblob": {
      "avg": -0.12839506172839507,
      "min": -0.5,
      "max": 0.11481481481481481,
      "std": 0.2669123239768976
    },
    "sentiment_vader": {
      "avg": 0.4736666666666667,
      "min": -0.0772,
      "max": 0.8016,
      "std": 0.3918731200557423
    },
    "user_toxicity": {
      "avg": 0.24957068233333332,
      "min": 0.02249265,
      "max": 0.6744087,
      "std": 0.3006441893791627
    },
    "bot_toxicity": {
      "avg": 0.017407376000000002,
      "min": 0.008419261,
      "max": 0.030859824,
      "std": 0.009689940446683492
    },
    "coherence": {
      "avg": 0.22918792565663657,
      "min": 0.1589438021183014,
      "max": 0.3264049291610718,
      "std": 0.07097633153785823
    },
    "repetition": {
      "avg": 0.9459093982420553,
      "min": 0.896551724137931,
      "max": 1.0,
      "std": 0.042364976870373335
    },
    "length": {
      "avg": 19.0,
      "min": 11.0,
      "max": 29.0,
      "std": 7.483314773547883
    }
  },
  "coherence_high": {
    "sentiment_textblob": {
      "avg": 0.22569444444444442,
      "min": 0.05,
      "max": 0.45208333333333334,
      "std": 0.1680182465473304
    },
    "sentiment_vader": {
      "avg": 0.6954333333333333,
      "min": 0.4019,
      "max": 0.916,
      "std": 0.21612928743899773
    },
    "user_toxicity": {
      "avg": 0.020051241,
      "min": 0.014953613,
      "max": 0.02873857,
      "std": 0.006173638841883179
    },
    "bot_toxicity": {
      "avg": 0.053069239,
      "min": 0.016210219,
      "max": 0.11036996,
      "std": 0.04106832973737647
    },
    "coherence": {
      "avg": 0.5048667987187704,
      "min": 0.40163546800613403,
      "max": 0.6185696125030518,
      "std": 0.08887198557641662
    },
    "repetition": {
      "avg": 0.897881397881398,
      "min": 0.8461538461538461,
      "max": 0.9285714285714286,
      "std": 0.03678856200363419
    },
    "length": {
      "avg": 25.666666666666668,
      "min": 14.0,
      "max": 37.0,
      "std": 9.392668535736913
    }
  },
  "coherence_low_but_real": {
    "sentiment_textblob": {
      "avg": -0.12380952380952381,
      "min": -0.27142857142857146,
      "max": 0.0,
      "std": 0.1120819266279983
    },
    "sentiment_vader": {
      "avg": 0.0023333333333333353,
      "min": -0.6896,
      "max": 0.6966,
      "std": 0.5659161853922264
    },
    "user_toxicity": {
      "avg": 0.09867737433333333,
      "min": 0.036162965,
      "max": 0.21374844,
      "std": 0.08146901998694141
    },
    "bot_toxicity": {
      "avg": 0.13228771833333333,
      "min": 0.034277402,
      "max": 0.30854854,
      "std": 0.12489601134182331
    },
    "coherence": {
      "avg": 0.4833877185980479,
      "min": 0.4590105414390564,
      "max": 0.5208724737167358,