{
  "toxicity_positive": {
    "sentiment_textblob": {
      "avg": 0.31128409090909087,
      "min": 0.0,
      "max": 0.48,
      "std": 0.17427839566112283
    },
    "sentiment_vader": {
      "avg": 0.9469,
      "min": 0.8932,
      "max": 0.9788,
      "std": 0.03458091959448159
    },
    "user_toxicity": {
      "avg": 0.011661305,
      "min": 0.0072254855,
      "max": 0.01646154,
      "std": 0.0031192192279713366
    },
    "bot_toxicity": {
      "avg": 0.015368293199999999,
      "min": 0.014073989,
      "max": 0.01822079,
      "std": 0.0015708082101415694
    },
    "coherence": {
      "avg": 0.22287459671497345,
      "min": 0.10479605197906494,
      "max": 0.3778100609779358,
      "std": 0.08857370272114995
    },
    "repetition": {
      "avg": 0.888147833729229,
      "min": 0.8545454545454545,
      "max": 0.9302325581395349,
      "std": 0.025583006347819046
    },
    "length": { "avg": 55.6, "min": 37, "max": 77, "std": 14.636939570825588 }
  },
  "toxicity_mild_negative": {
    "sentiment_textblob": {
      "avg": 0.17927526082896925,
      "min": 0.09999999999999999,
      "max": 0.30000000000000004,
      "std": 0.06647434361271362
    },
    "sentiment_vader": {
      "avg": 0.94786,
      "min": 0.8977,
      "max": 0.9842,
      "std": 0.037257568358656984
    },
    "user_toxicity": {
      "avg": 0.0707300258,
      "min": 0.025085296,
      "max": 0.112333365,
      "std": 0.03168879096679309
    },
    "bot_toxicity": {
      "avg": 0.0593074848,
      "min": 0.021432023,
      "max": 0.10783285,
      "std": 0.03188538320370365
    },
    "coherence": {
      "avg": 0.30486157834529876,
      "min": 0.19749365746974945,
      "max": 0.5866861343383789,
      "std": 0.14666043249732577
    },
    "repetition": {
      "avg": 0.8079213244955203,
      "min": 0.7169811320754716,
      "max": 0.8888888888888888,
      "std": 0.05735795807157856
    },
    "length": { "avg": 104.2, "min": 64, "max": 159, "std": 34.56240732356471 }
  },
  "toxicity_toxic": {
    "sentiment_textblob": {
      "avg": 0.038447871572871564,
      "min": -0.26666666666666666,
      "max": 0.33636363636363636,
      "std": 0.16726900004931552
    },
    "sentiment_vader": {
      "avg": 0.49921999999999994,
      "min": -0.2621,
      "max": 0.9763,
      "std": 0.4815676542293928
    },
    "user_toxicity": {
      "avg": 0.7643908570000001,
      "min": 0.1883923,
      "max": 0.9248995,
      "std": 0.22906411326247603
    },
    "bot_toxicity": {
      "avg": 0.441994742,
      "min": 0.09655223,
      "max": 0.6027529,
      "std": 0.1448570056369142
    },
    "coherence": {
      "avg": 0.29939993023872374,
      "min": 0.1480657458305359,
      "max": 0.5970243215560913,
      "std": 0.12380996331691677
    },
    "repetition": {
      "avg": 0.8346116241545664,
      "min": 0.7236842105263158,
      "max": 0.8947368421052632,
      "std": 0.05448396231616731
    },
    "length": { "avg": 80.1, "min": 45, "max": 152, "std": 32.82818910631532 }
  },
  "sentiment_positive": {
    "sentiment_textblob": {
      "avg": 0.425,
      "min": 0.3892857142857143,
      "max": 0.46071428571428574,
      "std": 0.029160592175990225
    },
    "sentiment_vader": {
      "avg": 0.9682333333333334,
      "min": 0.9523,
      "max": 0.9778,
      "std": 0.011342055467252043
    },
    "user_toxicity": {
      "avg": 0.024008840000000004,
      "min": 0.012754552,
      "max": 0.040925518,
      "std": 0.012177789255508407
    },
    "bot_toxicity": {
      "avg": 0.014199649833333333,
      "min": 0.013445686,
      "max": 0.014827953,
      "std": 0.0005712608669616029
    },
    "coherence": {
      "avg": 0.18863927324612936,
      "min": 0.11339692771434784,
      "max": 0.23172345757484436,
      "std": 0.05339102556409365
    },
    "repetition": {
      "avg": 0.8814582823586984,
      "min": 0.8688524590163934,
      "max": 0.8955223880597015,
      "std": 0.01093667284482322
    },
    "length": {
      "avg": 59.333333333333336,
      "min": 50,
      "max": 67,
      "std": 7.039570693980959
    }
  },
  "sentiment_neutral": {
    "sentiment_textblob": {
      "avg": 0.22829545454545452,
      "min": 0.22325757575757574,
      "max": 0.2333333333333333,
      "std": 0.005037878787878786
    },
    "sentiment_vader": {
      "avg": 0.9041,
      "min": 0.8908,
      "max": 0.9174,
      "std": 0.013299999999999979
    },
    "user_toxicity": {
      "avg": 0.016775692000000002,
      "min": 0.016712861,
      "max": 0.016838523,
      "std": 6.283100000000104e-5
    },
    "bot_toxicity": {
      "avg": 0.030506282000000003,
      "min": 0.024378212,
      "max": 0.036634352,
      "std": 0.006128070000000001
    },
    "coherence": {
      "avg": 0.14775846153497696,
      "min": 0.06376738846302032,
      "max": 0.2317495346069336,
      "std": 0.08399107307195663
    },
    "repetition": {
      "avg": 0.8429271279853031,
      "min": 0.8380281690140845,
      "max": 0.8478260869565217,
      "std": 0.004898958971218614
    },
    "length": { "avg": 94.0, "min": 46, "max": 142, "std": 48.0 }
  },
  "sentiment_negative": {
    "sentiment_textblob": {
      "avg": -0.016164021164021176,
      "min": -0.11071428571428574,
      "max": 0.05944444444444444,
      "std": 0.0707464589110133
    },
    "sentiment_vader": {
      "avg": 0.5118666666666667,
      "min": -0.2307,
      "max": 0.9018,
      "std": 0.5252946876648278
    },
    "user_toxicity": {
      "avg": 0.24957068233333332,
      "min": 0.02249265,
      "max": 0.6744087,
      "std": 0.3006441893791627
    },
    "bot_toxicity": {
      "avg": 0.154734434,
      "min": 0.015142105,
      "max": 0.41690505,
      "std": 0.18551270096080402
    },
    "coherence": {
      "avg": 0.29407188793023425,
      "min": 0.19648043811321259,
      "max": 0.47422176599502563,
      "std": 0.12753295485074906
    },
    "repetition": {
      "avg": 0.838531285643513,
      "min": 0.7876712328767124,
      "max": 0.8658536585365854,
      "std": 0.035996663742574604
    },
    "length": { "avg": 105.0, "min": 82, "max": 146, "std": 29.06314963431642 }
  },
  "coherence_high": {
    "sentiment_textblob": {
      "avg": 0.09714186507936506,
      "min": 0.014409722222222221,
      "max": 0.14217460317460315,
      "std": 0.05857701506418972
    },
    "sentiment_vader": {
      "avg": 0.9241666666666667,
      "min": 0.8874,
      "max": 0.9896,
      "std": 0.04638637251990674
    },
    "user_toxicity": {
      "avg": 0.020051241,
      "min": 0.014953613,
      "max": 0.02873857,
      "std": 0.006173638841883179
    },
    "bot_toxicity": {
      "avg": 0.03270610433333333,
      "min": 0.025792383,
      "max": 0.03639866,
      "std": 0.004892525533182655
    },
    "coherence": {
      "avg": 0.7727404038111368,
      "min": 0.7603551149368286,
      "max": 0.7814480066299438,
      "std": 0.008995241372951737
    },
    "repetition": {
      "avg": 0.7765171385224615,
      "min": 0.7516778523489933,
      "max": 0.7916666666666666,
      "std": 0.017704893403286102
    },
    "length": { "avg": 146.0, "min": 144, "max": 149, "std": 2.160246899469287 }
  },
  "coherence_low_but_real": {
    "sentiment_textblob": {
      "avg": 0.07345736274307703,
      "min": -0.010941043083900223,
      "max": 0.12727272727272726,
      "std": 0.06042766138281455
    },
    "sentiment_vader": {
      "avg": 0.9691000000000001,
      "min": 0.9598,
      "max": 0.9755,
      "std": 0.0067295368835208
    },
    "user_toxicity": {
      "avg": 0.09867737433333333,
      "min": 0.036162965,
      "max": 0.21374844,
      "std": 0.08146901998694141
    },