{
  "toxicity_positive": {
    "sentiment_textblob": {
      "avg": 0.2816666666666666,
      "min": -0.625,
      "max": 0.6666666666666666,
      "std": 0.46596375633972026
    },
    "sentiment_vader": {
      "avg": 0.69238,
      "min": 0.0,
      "max": 0.9168,
      "std": 0.34799848505417375
    },
    "user_toxicity": {
      "avg": 0.011661305,
      "min": 0.0072254855,
      "max": 0.01646154,
      "std": 0.0031192192279713366
    },
    "bot_toxicity": {
      "avg": 0.014411590399999999,
      "min": 0.010869644,
      "max": 0.022610499,
      "std": 0.004419453932897981
    },
    "coherence": {
      "avg": 0.28289262130856513,
      "min": 0.0157141275703907,
      "max": 0.5584039688110352,
      "std": 0.22730463660252878
    },
    "repetition": { "avg": 1.0, "min": 1.0, "max": 1.0, "std": 0.0 },
    "length": {
      "avg": 11.0,
      "min": 6.0,
      "max": 14.0,
      "std": 2.6832815729997477
    }
  },
  "toxicity_mild_negative": {
    "sentiment_textblob": {
      "avg": -0.025416666666666664,
      "min": -0.5,
      "max": 0.6666666666666666,
      "std": 0.4054712621684112
    },
    "sentiment_vader": {
      "avg": 0.36028,
      "min": -0.0516,
      "max": 0.8975,
      "std": 0.3138244056793544
    },
    "user_toxicity": {
      "avg": 0.0707300258,
      "min": 0.025085296,
      "max": 0.112333365,
      "std": 0.03168879096679309
    },
    "bot_toxicity": {
      "avg": 0.023710551599999997,
      "min": 0.012691722,
      "max": 0.03781283,
      "std": 0.00978727194771909
    },
    "coherence": {
      "avg": 0.2064962714910507,
      "min": 0.029461726546287537,
      "max": 0.5319738388061523,
      "std": 0.18210503191034852
    },
    "repetition": {
      "avg": 0.9800000000000001,
      "min": 0.9,
      "max": 1.0,
      "std": 0.039999999999999994
    },
    "length": { "avg": 12.6, "min": 7.0, "max": 20.0, "std": 4.498888751680798 
  }
  },
  "toxicity_toxic": {
    "sentiment_textblob": {
      "avg": -0.10229166666666667,
      "min": -0.5,
      "max": 0.19999999999999998,
      "std": 0.22527462021694517
    },
    "sentiment_vader": {
      "avg": 0.21194000000000002,
      "min": -0.4404,
      "max": 0.6138,
      "std": 0.33864224249198444
    },
    "user_toxicity": {
      "avg": 0.7643908570000001,
      "min": 0.1883923,
      "max": 0.9248995,
      "std": 0.22906411326247603
    },
    "bot_toxicity": {
      "avg": 0.086982502,
      "min": 0.018723432,
      "max": 0.50789946,
      "std": 0.1427048813985126
    },
    "coherence": {
      "avg": 0.18027106449007987,
      "min": 0.05475327745079994,
      "max": 0.45523303747177124,
      "std": 0.1200078125755063
    },
    "repetition": {
      "avg": 0.9745989304812834,
      "min": 0.8823529411764706,
      "max": 1.0,
      "std": 0.04209425808263755
    },
    "length": {
      "avg": 14.4,
      "min": 6.0,
      "max": 33.0,
      "std": 7.6183987818963645
    }
  },
  "sentiment_positive": {
    "sentiment_textblob": {
      "avg": 0.5291666666666667,
      "min": -0.25,
      "max": 1.0,
      "std": 0.5549336797211798
    },
    "sentiment_vader": {
      "avg": 0.4969333333333334,
      "min": 0.0356,
      "max": 0.9459,
      "std": 0.3717312858623671
    },
    "user_toxicity": {
      "avg": 0.024008840000000004,
      "min": 0.012754552,
      "max": 0.040925518,
      "std": 0.012177789255508407
    },
    "bot_toxicity": {
      "avg": 0.017599683,
      "min": 0.01005285,
      "max": 0.021432023,
      "std": 0.005336633659669049
    },
    "coherence": {
      "avg": 0.3482712705930074,
      "min": 0.28144463896751404,
      "max": 0.39538607001304626,
      "std": 0.04855978908416537
    },
    "repetition": { "avg": 1.0, "min": 1.0, "max": 1.0, "std": 0.0 },
    "length": { "avg": 14.0, "min": 2.0, "max": 22.0, "std": 8.640987597877148 }
  },
  "sentiment_neutral": {
    "sentiment_textblob": {
      "avg": 0.18579545454545454,
      "min": 0.0625,
      "max": 0.3090909090909091,
      "std": 0.12329545454545454
    },
    "sentiment_vader": {
      "avg": 0.63975,
      "min": 0.4574,
      "max": 0.8221,
      "std": 0.18235000000000004
    },
    "user_toxicity": {
      "avg": 0.016775692000000002,
      "min": 0.016712861,
      "max": 0.016838523,
      "std": 6.283100000000104e-5
    },
    "bot_toxicity": {
      "avg": 0.015330594999999999,
      "min": 0.012817383,
      "max": 0.017843807,
      "std": 0.002513212
    },
    "coherence": {
      "avg": 0.10418408550322056,
      "min": 0.01799469068646431,
      "max": 0.1903734803199768,
      "std": 0.08618939481675625
    },
    "repetition": {
      "avg": 0.9582608695652174,
      "min": 0.9565217391304348,
      "max": 0.96,
      "std": 0.0017391304347825765
    },
    "length": { "avg": 24.0, "min": 23.0, "max": 25.0, "std": 1.0 }
  },
  "sentiment_negative": {
    "sentiment_textblob": {
      "avg": 0.13888888888888887,
      "min": 0.0,
      "max": 0.31666666666666665,
      "std": 0.13217085837078132
    },
    "sentiment_vader": {
      "avg": 0.7320666666666668,
      "min": 0.6124,
      "max": 0.9133,
      "std": 0.13032790270015943
    },
    "user_toxicity": {
      "avg": 0.24957068233333332,
      "min": 0.02249265,
      "max": 0.6744087,
      "std": 0.3006441893791627
    },
    "bot_toxicity": {
      "avg": 0.016524279333333333,
      "min": 0.012566062,
      "max": 0.02343543,
      "std": 0.0049041242258048715
    },
    "coherence": {
      "avg": 0.31819790105024975,
      "min": 0.14859335124492645,
      "max": 0.5169817805290222,
      "std": 0.15180268699366442
    },
    "repetition": {
      "avg": 0.9595959595959597,
      "min": 0.8787878787878788,
      "max": 1.0,
      "std": 0.05713994191406445
    },
    "length": {
      "avg": 19.666666666666668,
      "min": 12.0,
      "max": 33.0,
      "std": 9.463379711052259
    }
  },
  "coherence_high": {
    "sentiment_textblob": {
      "avg": 0.23148148148148148,
      "min": 0.16666666666666666,
      "max": 0.2777777777777778,
      "std": 0.04721314364437765
    },
    "sentiment_vader": {
      "avg": 0.4076333333333333,
      "min": 0.0772,
      "max": 0.7845,
      "std": 0.2906147086588855
    },
    "user_toxicity": {
      "avg": 0.020051241,
      "min": 0.014953613,
      "max": 0.02873857,
      "std": 0.006173638841883179
    },
    "bot_toxicity": {
      "avg": 0.017534990333333333,
      "min": 0.013634177,
      "max": 0.025085296,
      "std": 0.0053398581320939185
    },
    "coherence": {
      "avg": 0.5989998777707418,
      "min": 0.5348606109619141,
      "max": 0.7078951001167297,
      "std": 0.07740609483453786
    },
    "repetition": {
      "avg": 0.9123809523809524,
      "min": 0.88,
      "max": 0.9642857142857143,
      "std": 0.03707564125680329
    },
    "length": {
      "avg": 27.0,
      "min": 25.0,
      "max": 28.0,
      "std": 1.4142135623730951
    }
  },
  "coherence_low_but_real": {
    "sentiment_textblob": {
      "avg": -0.1615740740740741,
      "min": -0.2625,
      "max": 0.0,
      "std": 0.1154273535038375
    },
    "sentiment_vader": {
      "avg": 0.005633333333333333,
      "min": -0.1511,
      "max": 0.168,
      "std": 0.1303329156003536
    },
    "user_toxicity": {
      "avg": 0.09867737433333333,
      "min": 0.036162965,
      "max": 0.21374844,
      "std": 0.08146901998694141
    },
    "bot_toxicity": {
      "avg": 0.020960633,
      "min": 0.020960633,
      "max": 0.020960633,
      "std": 0.0
    },
    "coherence": {
      "avg": 0.2609506944815318,
      "min": 0.12825757265090942,
      "max": 0.4478640854358673,
      "std": 0.1359949973136911
    },