{
  "toxicity_positive": {
    "sentiment_textblob": {
      "avg": 0.44608333333333333,
      "min": 0.38125,
      "max": 0.5,
      "std": 0.04686979600742655
    },
    "sentiment_vader": {
      "avg": 0.88582,
      "min": 0.8016,
      "max": 0.9422,
      "std": 0.04619508198932005
    },
    "user_toxicity": {
      "avg": 0.011661305,
      "min": 0.0072254855,
      "max": 0.01646154,
      "std": 0.0031192192279713366
    },
    "bot_toxicity": {
      "avg": 0.013165987600000002,
      "min": 0.008670582,
      "max": 0.022728346,
      "std": 0.0050904603209080655
    },
    "coherence": {
      "avg": 0.3475670427083969,
      "min": 0.08388195931911469,
      "max": 0.5706042051315308,
      "std": 0.1576555630084525
    },
    "repetition": {
      "avg": 0.9032936895840121,
      "min": 0.875,
      "max": 0.9259259259259259,
      "std": 0.016409557960915064
    },
    "length": {
      "avg": 27.6,
      "min": 16.0,
      "max": 33.0,
      "std": 6.118823416311343
    }
  },
  "toxicity_mild_negative": {
    "sentiment_textblob": {
      "avg": 0.2483344155844156,
      "min": 0.04761904761904762,
      "max": 0.42000000000000004,
      "std": 0.1364848199078972
    },
    "sentiment_vader": {
      "avg": 0.92066,
      "min": 0.8531,
      "max": 0.9571,
      "std": 0.03584949650971406
    },
    "user_toxicity": {
      "avg": 0.0707300258,
      "min": 0.025085296,
      "max": 0.112333365,
      "std": 0.03168879096679309
    },
    "bot_toxicity": {
      "avg": 0.014614329199999998,
      "min": 0.011560776,
      "max": 0.019477395,
      "std": 0.0029543876420897383
    },
    "coherence": {
      "avg": 0.1573985479772091,
      "min": -0.0409277118742466,
      "max": 0.4139936566352844,
      "std": 0.15559995104194146
    },
    "repetition": {
      "avg": 0.8412431180350536,
      "min": 0.7786885245901639,
      "max": 0.8928571428571429,
      "std": 0.03917983763307932
    },
    "length": {
      "avg": 72.4,
      "min": 53.0,
      "max": 122.0,
      "std": 25.741794809220277
    }
  },
  "toxicity_toxic": {
    "sentiment_textblob": {
      "avg": 0.13952678571428573,
      "min": -0.024999999999999994,
      "max": 0.2654761904761905,
      "std": 0.09551844752916329
    },
    "sentiment_vader": {
      "avg": 0.8559100000000001,
      "min": 0.5612,
      "max": 0.9674,
      "std": 0.13267000753749883
    },
    "user_toxicity": {
      "avg": 0.7643908570000001,
      "min": 0.1883923,
      "max": 0.9248995,
      "std": 0.22906411326247603
    },
    "bot_toxicity": {
      "avg": 0.07211035465,
      "min": 0.0079480335,
      "max": 0.40336934,
      "std": 0.12458559744296098
    },
    "coherence": {
      "avg": 0.14749609623104334,
      "min": -0.01978420838713646,
      "max": 0.3856911361217499,
      "std": 0.11190849847892081
    },
    "repetition": {
      "avg": 0.8530018286140123,
      "min": 0.782608695652174,
      "max": 0.90625,
      "std": 0.03671640780524925
    },
    "length": {
      "avg": 65.7,
      "min": 44.0,
      "max": 111.0,
      "std": 17.827226368675525
    }
  },
  "sentiment_positive": {
    "sentiment_textblob": {
      "avg": 0.45962301587301585,
      "min": 0.3333333333333333,
      "max": 0.65625,
      "std": 0.14090019020265146
    },
    "sentiment_vader": {
      "avg": 0.9405333333333333,
      "min": 0.9134,
      "max": 0.9589,
      "std": 0.019582361678022624
    },
    "user_toxicity": {
      "avg": 0.024008840000000004,
      "min": 0.012754552,
      "max": 0.040925518,
      "std": 0.012177789255508407
    },
    "bot_toxicity": {
      "avg": 0.011812098333333333,
      "min": 0.010304171,
      "max": 0.013131535,
      "std": 0.0011619361272431838
    },
    "coherence": {
      "avg": 0.2857925395170848,
      "min": 0.15482589602470398,
      "max": 0.42322230339050293,
      "std": 0.1096676397591432
    },
    "repetition": {
      "avg": 0.9229143492769745,
      "min": 0.9,
      "max": 0.9655172413793104,
      "std": 0.03015356549871868
    },
    "length": {
      "avg": 33.333333333333336,
      "min": 29.0,
      "max": 40.0,
      "std": 4.784233364802441
    }
  },
  "sentiment_neutral": {
    "sentiment_textblob": {
      "avg": 0.34833333333333333,
      "min": 0.305,
      "max": 0.39166666666666666,
      "std": 0.043333333333333335
    },
    "sentiment_vader": {
      "avg": 0.88575,
      "min": 0.8807,
      "max": 0.8908,
      "std": 0.005049999999999999
    },
    "user_toxicity": {
      "avg": 0.016775692000000002,
      "min": 0.016712861,
      "max": 0.016838523,
      "std": 6.283100000000104e-5
    },
    "bot_toxicity": {
      "avg": 0.010806812749999999,
      "min": 0.0103670005,
      "max": 0.011246625,
      "std": 0.00043981225000000023
    },
    "coherence": {
      "avg": 0.22090858593583107,
      "min": 0.09912294894456863,
      "max": 0.3426942229270935,
      "std": 0.12178563699126244
    },
    "repetition": { "avg": 0.9, "min": 0.9, "max": 0.9, "std": 0.0 },
    "length": { "avg": 35.0, "min": 30.0, "max": 40.0, "std": 5.0 }
  },
  "sentiment_negative": {
    "sentiment_textblob": {
      "avg": 0.0035273368606701986,
      "min": -0.13333333333333333,
      "max": 0.1142857142857143,
      "std": 0.1027611971248175
    },
    "sentiment_vader": {
      "avg": 0.5107,
      "min": -0.2006,
      "max": 0.9851,
      "std": 0.5122254256347167
    },
    "user_toxicity": {
      "avg": 0.24957068233333332,
      "min": 0.02249265,
      "max": 0.6744087,
      "std": 0.3006441893791627
    },
    "bot_toxicity": {
      "avg": 0.020202203,
      "min": 0.015267765,
      "max": 0.024260364,
      "std": 0.003723135347996094
    },
    "coherence": {
      "avg": 0.3398316303888957,
      "min": 0.3156740069389343,
      "max": 0.3724219799041748,
      "std": 0.023922322359189035
    },
    "repetition": {
      "avg": 0.9074852507374631,
      "min": 0.8849557522123894,
      "max": 0.9375,
      "std": 0.022094437125567364
    },
    "length": {
      "avg": 68.33333333333333,
      "min": 32.0,
      "max": 113.0,
      "std": 33.58901936976164
    }
  },
  "coherence_high": {
    "sentiment_textblob": {
      "avg": 0.11782861292665214,
      "min": 0.10648148148148148,
      "max": 0.1377450980392157,
      "std": 0.014128665819883186
    },
    "sentiment_vader": {
      "avg": 0.7549333333333332,
      "min": 0.5411,
      "max": 0.946,
      "std": 0.166081793771088
    },
    "user_toxicity": {
      "avg": 0.020051241,
      "min": 0.014953613,
      "max": 0.02873857,
      "std": 0.006173638841883179
    },
    "bot_toxicity": {
      "avg": 0.022338976666666666,
      "min": 0.016964182,
      "max": 0.029327808,
      "std": 0.005174852509201097
    },
    "coherence": {
      "avg": 0.7118267019589742,
      "min": 0.592124342918396,
      "max": 0.8223692178726196,
      "std": 0.09421996481727933
    },
    "repetition": {
      "avg": 0.8306981124822204,
      "min": 0.7692307692307693,
      "max": 0.8706896551724138,
      "std": 0.0441163906912922
    },
    "length": {
      "avg": 120.33333333333333,
      "min": 115.0,
      "max": 130.0,
      "std": 6.847546194724712
    }
  },
  "coherence_low_but_real": {
    "sentiment_textblob": {
      "avg": 0.006889129389129385,
      "min": -0.11818181818181818,
      "max": 0.08273809523809522,
      "std": 0.08910407965088056
    },
    "sentiment_vader": {
      "avg": 0.29456666666666664,
      "min": -0.3818,
      "max": 0.818,
      "std": 0.5016117112756527
    },
    "user_toxicity": {
      "avg": 0.09867737433333333,
      "min": 0.036162965,
      "max": 0.21374844,